{
    "0_0": 0.18134,
    "1_0": 0.14098,
    "2_0": 0.1657,
    "3_0": 0.1558,
    "4_0": 0.17751,
    "5_0": 0.15359,
    "6_0": 0.13579,
    "7_0": 0.19368,
    "8_0": 0.17704,
    "9_0": 0.1468,
    "10_0": 0.17076,
    "11_0": 0.17198,
    "12_0": 0.16381,
    "13_0": 0.15865,
    "14_0": 0.2092,
    "15_0": 0.14851,
    "16_0": 0.15842,
    "17_0": 0.16789,
    "18_0": 0.1592,
    "19_0": 0.17149,
    "20_0": 0.1754,
    "21_0": 0.13865,
    "22_0": 0.15919,
    "23_0": 0.16019,
    "24_0": 0.1732,
    "25_0": 0.15258,
    "26_0": 0.15226,
    "27_0": 0.12046,
    "28_0": 0.16711,
    "29_0": 0.17496,
    "30_0": 0.16566,
    "31_0": 0.15892,
    "32_0": 0.1893,
    "33_0": 0.17128,
    "34_0": 0.16086,
    "35_0": 0.13986,
    "36_0": 0.15827,
    "37_0": 0.13091,
    "38_0": 0.17373,
    "39_0": 0.17881,
    "40_0": 0.17987,
    "41_0": 0.15165,
    "42_0": 0.18988,
    "43_0": 0.17538,
    "44_0": 0.14911,
    "45_0": 0.17598,
    "46_0": 0.15638,
    "47_0": 0.16706,
    "48_0": 0.21142,
    "49_0": 0.1487,
    "50_0": 0.13923,
    "51_0": 0.16391,
    "52_0": 0.16395,
    "53_0": 0.14909,
    "54_0": 0.15936,
    "55_0": 0.16748,
    "56_0": 0.18577,
    "57_0": 0.14819,
    "58_0": 0.15841,
    "59_0": 0.18186,
    "60_0": 0.19122,
    "61_0": 0.16232,
    "62_0": 0.19068,
    "63_0": 0.1555,
    "64_0": 0.16542,
    "65_0": 0.15016,
    "66_0": 0.18172,
    "67_0": 0.14836,
    "68_0": 0.12272,
    "69_0": 0.18975,
    "70_0": 0.14712,
    "71_0": 0.15755,
    "72_0": 0.16573,
    "73_0": 0.18181,
    "74_0": 0.15613,
    "75_0": 0.15286,
    "76_0": 0.13837,
    "77_0": 0.14136,
    "78_0": 0.17419,
    "79_0": 0.145,
    "80_0": 0.13253,
    "81_0": 0.15103,
    "82_0": 0.17963,
    "83_0": 0.16653,
    "84_0": 0.15883,
    "85_0": 0.16561,
    "86_0": 0.14949,
    "87_0": 0.14711,
    "88_0": 0.16815,
    "89_0": 0.12875,
    "90_0": 0.15055,
    "91_0": 0.17405,
    "92_0": 0.12779,
    "93_0": 0.16134,
    "94_0": 0.174,
    "95_0": 0.159,
    "96_0": 0.16562,
    "97_0": 0.18901,
    "98_0": 0.19702,
    "99_0": 0.12491,
    "100_0": 0.11445,
    "101_0": 0.17642,
    "102_0": 0.16013,
    "103_0": 0.17171,
    "104_0": 0.164,
    "105_0": 0.16266,
    "106_0": 0.15282,
    "107_0": 0.16925,
    "108_0": 0.14625,
    "109_0": 0.12637,
    "110_0": 0.14197,
    "111_0": 0.15594,
    "112_0": 0.13234,
    "113_0": 0.18014,
    "114_0": 0.14208,
    "115_0": 0.14823,
    "116_0": 0.17144,
    "117_0": 0.14788,
    "118_0": 0.14443,
    "119_0": 0.16999,
    "120_0": 0.16472,
    "121_0": 0.16024,
    "122_0": 0.16176,
    "123_0": 0.1809,
    "124_0": 0.14461,
    "125_0": 0.17279,
    "126_0": 0.14982,
    "127_0": 0.15431,
    "128_0": 0.16611,
    "129_0": 0.14439,
    "130_0": 0.18354,
    "131_0": 0.19436,
    "132_0": 0.18095,
    "133_0": 0.159,
    "134_0": 0.12993,
    "135_0": 0.12835,
    "136_0": 0.16542,
    "137_0": 0.15445,
    "138_0": 0.18004,
    "139_0": 0.14453,
    "140_0": 0.15131,
    "141_0": 0.15458,
    "142_0": 0.16066,
    "143_0": 0.13476,
    "144_0": 0.14093,
    "145_0": 0.12258,
    "146_0": 0.15013,
    "147_0": 0.17524,
    "148_0": 0.17602,
    "149_0": 0.1671,
    "150_0": 0.16637,
    "151_0": 0.16607,
    "152_0": 0.1327,
    "153_0": 0.14231,
    "154_0": 0.11358,
    "155_0": 0.17392,
    "156_0": 0.14671,
    "157_0": 0.14011,
    "158_0": 0.15335,
    "159_0": 0.12958,
    "160_0": 0.13665,
    "161_0": 0.21002,
    "162_0": 0.19172,
    "163_0": 0.1436,
    "164_0": 0.17113,
    "165_0": 0.21317,
    "166_0": 0.1479,
    "167_0": 0.15917,
    "168_0": 0.13487,
    "169_0": 0.16972,
    "170_0": 0.16695,
    "171_0": 0.14147,
    "172_0": 0.14582,
    "173_0": 0.16934,
    "174_0": 0.20299,
    "175_0": 0.18472,
    "176_0": 0.18687,
    "177_0": 0.16162,
    "178_0": 0.14991,
    "179_0": 0.11831,
    "180_0": 0.1334,
    "181_0": 0.19783,
    "182_0": 0.17354,
    "183_0": 0.16348,
    "184_0": 0.21676,
    "185_0": 0.16185,
    "186_0": 0.16723,
    "187_0": 0.18728,
    "188_0": 0.18099,
    "189_0": 0.14905,
    "190_0": 0.16741,
    "191_0": 0.14006,
    "192_0": 0.18454,
    "193_0": 0.13952,
    "194_0": 0.1741,
    "195_0": 0.18344,
    "196_0": 0.14054,
    "197_0": 0.19915,
    "198_0": 0.1526,
    "199_0": 0.1624,
    "200_0": 0.15249,
    "201_0": 0.1459,
    "202_0": 0.1718,
    "203_0": 0.1385,
    "204_0": 0.14331,
    "205_0": 0.19019,
    "206_0": 0.14012,
    "207_0": 0.16301,
    "208_0": 0.14628,
    "209_0": 0.12199,
    "210_0": 0.14487,
    "211_0": 0.17718,
    "212_0": 0.16543,
    "213_0": 0.21098,
    "214_0": 0.19491,
    "215_0": 0.2309,
    "216_0": 0.15949,
    "217_0": 0.17367,
    "218_0": 0.17767,
    "219_0": 0.12123,
    "220_0": 0.18515,
    "221_0": 0.17016,
    "222_0": 0.16972,
    "223_0": 0.15468,
    "224_0": 0.14263,
    "225_0": 0.19335,
    "226_0": 0.21371,
    "227_0": 0.15653,
    "228_0": 0.14455,
    "229_0": 0.17376,
    "230_0": 0.17054,
    "231_0": 0.15258,
    "232_0": 0.17632,
    "233_0": 0.20754,
    "234_0": 0.14049,
    "235_0": 0.19107,
    "236_0": 0.1422,
    "237_0": 0.12918,
    "238_0": 0.13611,
    "239_0": 0.17888,
    "240_0": 0.16993,
    "241_0": 0.18502,
    "242_0": 0.15468,
    "243_0": 0.19545,
    "244_0": 0.15719,
    "245_0": 0.17928,
    "246_0": 0.127,
    "247_0": 0.1418,
    "248_0": 0.17203,
    "249_0": 0.19947,
    "250_0": 0.18351,
    "251_0": 0.21514,
    "252_0": 0.2257,
    "253_0": 0.16201,
    "254_0": 0.17567,
    "255_0": 0.17914,
    "256_0": 0.15927,
    "257_0": 0.20582,
    "258_0": 0.16913,
    "259_0": 0.1313,
    "260_0": 0.18205,
    "261_0": 0.19916,
    "262_0": 0.22416,
    "263_0": 0.16973,
    "264_0": 0.16791,
    "265_0": 0.18346,
    "266_0": 0.16276,
    "267_0": 0.16354,
    "268_0": 0.22239,
    "269_0": 0.18249,
    "270_0": 0.20531,
    "271_0": 0.20151,
    "272_0": 0.17578,
    "273_0": 0.19258,
    "274_0": 0.18673,
    "275_0": 0.18003,
    "276_0": 0.21741,
    "277_0": 0.14325,
    "278_0": 0.1749,
    "279_0": 0.19592,
    "280_0": 0.17952,
    "281_0": 0.14356,
    "282_0": 0.20327,
    "283_0": 0.17345,
    "284_0": 0.19049,
    "285_0": 0.16867,
    "286_0": 0.15385,
    "287_0": 0.14197,
    "288_0": 0.1963,
    "289_0": 0.19489,
    "290_0": 0.2028,
    "291_0": 0.15083,
    "292_0": 0.17286,
    "293_0": 0.18318,
    "294_0": 0.21279,
    "295_0": 0.14555,
    "296_0": 0.12054,
    "297_0": 0.18549,
    "298_0": 0.25792,
    "299_0": 0.15184,
    "300_0": 0.15404,
    "301_0": 0.14554,
    "302_0": 0.18342,
    "303_0": 0.16485,
    "304_0": 0.16264,
    "305_0": 0.1795,
    "306_0": 0.16252,
    "307_0": 0.18147,
    "308_0": 0.14917,
    "309_0": 0.18282,
    "310_0": 0.15848,
    "311_0": 0.20187,
    "312_0": 0.24888,
    "313_0": 0.12949,
    "314_0": 0.1925,
    "315_0": 0.2069,
    "316_0": 0.15796,
    "317_0": 0.1785,
    "318_0": 0.15612,
    "319_0": 0.19004,
    "320_0": 0.15862,
    "321_0": 0.18602,
    "322_0": 0.15914,
    "323_0": 0.23485,
    "324_0": 0.19858,
    "325_0": 0.18357,
    "326_0": 0.18624,
    "327_0": 0.21112,
    "328_0": 0.15704,
    "329_0": 0.17891,
    "330_0": 0.16174,
    "331_0": 0.18162,
    "332_0": 0.19084,
    "333_0": 0.15987,
    "334_0": 0.16529,
    "335_0": 0.16685,
    "336_0": 0.1496,
    "337_0": 0.16605,
    "338_0": 0.15762,
    "339_0": 0.20102,
    "340_0": 0.171,
    "341_0": 0.18117,
    "342_0": 0.21766,
    "343_0": 0.20541,
    "344_0": 0.21444,
    "345_0": 0.20759,
    "346_0": 0.22035,
    "347_0": 0.17301,
    "348_0": 0.16639,
    "349_0": 0.2149,
    "350_0": 0.20509,
    "351_0": 0.21213,
    "352_0": 0.15053,
    "353_0": 0.1678,
    "354_0": 0.20092,
    "355_0": 0.17889,
    "356_0": 0.17771,
    "357_0": 0.20215,
    "358_0": 0.17941,
    "359_0": 0.23809,
    "360_0": 0.19893,
    "361_0": 0.19103,
    "362_0": 0.19571,
    "363_0": 0.16493,
    "364_0": 0.19125,
    "365_0": 0.21742,
    "366_0": 0.19291,
    "367_0": 0.16145,
    "368_0": 0.21089,
    "369_0": 0.22208,