{
    "0_0": 0.20573,
    "1_0": 0.15379,
    "2_0": 0.16194,
    "3_0": 0.19847,
    "4_0": 0.16108,
    "5_0": 0.15315,
    "6_0": 0.14455,
    "7_0": 0.17068,
    "8_0": 0.17668,
    "9_0": 0.1571,
    "10_0": 0.19079,
    "11_0": 0.18118,
    "12_0": 0.16291,
    "13_0": 0.17727,
    "14_0": 0.19582,
    "15_0": 0.18665,
    "16_0": 0.17007,
    "17_0": 0.13896,
    "18_0": 0.1406,
    "19_0": 0.1366,
    "20_0": 0.14337,
    "21_0": 0.16424,
    "22_0": 0.15962,
    "23_0": 0.16207,
    "24_0": 0.17794,
    "25_0": 0.18618,
    "26_0": 0.18703,
    "27_0": 0.16252,
    "28_0": 0.14559,
    "29_0": 0.14428,
    "30_0": 0.17965,
    "31_0": 0.16233,
    "32_0": 0.17091,
    "33_0": 0.19168,
    "34_0": 0.12182,
    "35_0": 0.17812,
    "36_0": 0.22066,
    "37_0": 0.16343,
    "38_0": 0.15495,
    "39_0": 0.16883,
    "40_0": 0.17163,
    "41_0": 0.15306,
    "42_0": 0.1559,
    "43_0": 0.17986,
    "44_0": 0.15387,
    "45_0": 0.12715,
    "46_0": 0.16467,
    "47_0": 0.16007,
    "48_0": 0.1644,
    "49_0": 0.15472,
    "50_0": 0.15899,
    "51_0": 0.15613,
    "52_0": 0.15608,
    "53_0": 0.12908,
    "54_0": 0.15931,
    "55_0": 0.16397,
    "56_0": 0.13811,
    "57_0": 0.17901,
    "58_0": 0.13631,
    "59_0": 0.13903,
    "60_0": 0.13817,
    "61_0": 0.16985,
    "62_0": 0.19128,
    "63_0": 0.10771,
    "64_0": 0.16274,
    "65_0": 0.14912,
    "66_0": 0.18683,
    "67_0": 0.18297,
    "68_0": 0.1596,
    "69_0": 0.15485,
    "70_0": 0.14933,
    "71_0": 0.17573,
    "72_0": 0.15965,
    "73_0": 0.16796,
    "74_0": 0.16854,
    "75_0": 0.13555,
    "76_0": 0.13868,
    "77_0": 0.11573,
    "78_0": 0.1311,
    "79_0": 0.13716,
    "80_0": 0.17151,
    "81_0": 0.1469,
    "82_0": 0.18135,
    "83_0": 0.16081,
    "84_0": 0.18067,
    "85_0": 0.13973,
    "86_0": 0.1884,
    "87_0": 0.14713,
    "88_0": 0.1554,
    "89_0": 0.16199,
    "90_0": 0.15229,
    "91_0": 0.13636,
    "92_0": 0.15005,
    "93_0": 0.17954,
    "94_0": 0.16505,
    "95_0": 0.18392,
    "96_0": 0.15985,
    "97_0": 0.17036,
    "98_0": 0.14202,
    "99_0": 0.13514,
    "100_0": 0.14912,
    "101_0": 0.1902,
    "102_0": 0.20174,
    "103_0": 0.17067,
    "104_0": 0.14632,
    "105_0": 0.1957,
    "106_0": 0.18006,
    "107_0": 0.1759,
    "108_0": 0.16888,
    "109_0": 0.15912,
    "110_0": 0.14326,
    "111_0": 0.15804,
    "112_0": 0.12907,
    "113_0": 0.15825,
    "114_0": 0.14671,
    "115_0": 0.16005,
    "116_0": 0.19317,
    "117_0": 0.17382,
    "118_0": 0.1554,
    "119_0": 0.14602,
    "120_0": 0.15787,
    "121_0": 0.12453,
    "122_0": 0.16606,
    "123_0": 0.18258,
    "124_0": 0.14269,
    "125_0": 0.14889,
    "126_0": 0.14396,
    "127_0": 0.17024,
    "128_0": 0.18198,
    "129_0": 0.16071,
    "130_0": 0.12946,
    "131_0": 0.17247,
    "132_0": 0.147,
    "133_0": 0.15358,
    "134_0": 0.16467,
    "135_0": 0.11951,
    "136_0": 0.18753,
    "137_0": 0.15392,
    "138_0": 0.16157,
    "139_0": 0.16803,
    "140_0": 0.14963,
    "141_0": 0.15099,
    "142_0": 0.20126,
    "143_0": 0.1612,
    "144_0": 0.16177,
    "145_0": 0.14802,
    "146_0": 0.15517,
    "147_0": 0.16222,
    "148_0": 0.16178,
    "149_0": 0.15294,
    "150_0": 0.20222,
    "151_0": 0.16374,
    "152_0": 0.144,
    "153_0": 0.14471,
    "154_0": 0.15207,
    "155_0": 0.15087,
    "156_0": 0.14422,
    "157_0": 0.1694,
    "158_0": 0.16754,
    "159_0": 0.14153,
    "160_0": 0.15837,
    "161_0": 0.18017,
    "162_0": 0.17179,
    "163_0": 0.13984,
    "164_0": 0.19374,
    "165_0": 0.21937,
    "166_0": 0.1658,
    "167_0": 0.17835,
    "168_0": 0.17266,
    "169_0": 0.12703,
    "170_0": 0.18149,
    "171_0": 0.13057,
    "172_0": 0.14732,
    "173_0": 0.14448,
    "174_0": 0.15058,
    "175_0": 0.1465,
    "176_0": 0.16901,
    "177_0": 0.171,
    "178_0": 0.11032,
    "179_0": 0.15991,
    "180_0": 0.14692,
    "181_0": 0.17095,
    "182_0": 0.18304,
    "183_0": 0.14893,
    "184_0": 0.18177,
    "185_0": 0.12899,
    "186_0": 0.16409,
    "187_0": 0.18034,
    "188_0": 0.16461,
    "189_0": 0.17518,
    "190_0": 0.13948,
    "191_0": 0.14298,
    "192_0": 0.17436,
    "193_0": 0.10648,
    "194_0": 0.1571,
    "195_0": 0.16703,
    "196_0": 0.17247,
    "197_0": 0.20448,
    "198_0": 0.20307,
    "199_0": 0.18272,
    "200_0": 0.15797,
    "201_0": 0.1526,
    "202_0": 0.16647,
    "203_0": 0.1638,
    "204_0": 0.15756,
    "205_0": 0.17456,
    "206_0": 0.16428,
    "207_0": 0.15617,
    "208_0": 0.15255,
    "209_0": 0.16363,
    "210_0": 0.13046,
    "211_0": 0.19511,
    "212_0": 0.17446,
    "213_0": 0.18333,
    "214_0": 0.20231,
    "215_0": 0.13237,
    "216_0": 0.13125,
    "217_0": 0.14314,
    "218_0": 0.15856,
    "219_0": 0.14137,
    "220_0": 0.15956,
    "221_0": 0.13786,
    "222_0": 0.18096,
    "223_0": 0.13313,
    "224_0": 0.16101,
    "225_0": 0.1563,
    "226_0": 0.13597,
    "227_0": 0.16804,
    "228_0": 0.14701,
    "229_0": 0.14043,
    "230_0": 0.17231,
    "231_0": 0.1388,
    "232_0": 0.17955,
    "233_0": 0.14041,
    "234_0": 0.15398,
    "235_0": 0.16117,
    "236_0": 0.15458,
    "237_0": 0.15578,
    "238_0": 0.13757,
    "239_0": 0.16096,
    "240_0": 0.16625,
    "241_0": 0.18442,
    "242_0": 0.14795,
    "243_0": 0.17227,
    "244_0": 0.18069,
    "245_0": 0.19835,
    "246_0": 0.18324,
    "247_0": 0.13121,
    "248_0": 0.18437,
    "249_0": 0.15449,
    "250_0": 0.16174,
    "251_0": 0.18287,
    "252_0": 0.17851,
    "253_0": 0.18779,
    "254_0": 0.20932,
    "255_0": 0.16561,
    "256_0": 0.16947,
    "257_0": 0.16603,
    "258_0": 0.15064,
    "259_0": 0.1833,
    "260_0": 0.14512,
    "261_0": 0.16689,
    "262_0": 0.17899,
    "263_0": 0.13755,
    "264_0": 0.15043,
    "265_0": 0.13483,
    "266_0": 0.11916,
    "267_0": 0.14197,
    "268_0": 0.14632,
    "269_0": 0.18081,
    "270_0": 0.15612,
    "271_0": 0.16844,
    "272_0": 0.12145,
    "273_0": 0.15617,
    "274_0": 0.15134,
    "275_0": 0.13777,
    "276_0": 0.19159,
    "277_0": 0.14284,
    "278_0": 0.17067,
    "279_0": 0.17771,
    "280_0": 0.16419,
    "281_0": 0.1652,
    "282_0": 0.15108,
    "283_0": 0.17832,
    "284_0": 0.18808,
    "285_0": 0.16302,
    "286_0": 0.17152,
    "287_0": 0.21527,
    "288_0": 0.16889,
    "289_0": 0.1529,
    "290_0": 0.17209,
    "291_0": 0.15627,
    "292_0": 0.20215,
    "293_0": 0.18995,
    "294_0": 0.21495,
    "295_0": 0.11006,
    "296_0": 0.13779,
    "297_0": 0.1434,
    "298_0": 0.19414,
    "299_0": 0.18638,
    "300_0": 0.17189,
    "301_0": 0.17973,
    "302_0": 0.17423,
    "303_0": 0.17344,
    "304_0": 0.1792,
    "305_0": 0.17463,
    "306_0": 0.16433,
    "307_0": 0.15437,
    "308_0": 0.14966,
    "309_0": 0.15294,
    "310_0": 0.15776,
    "311_0": 0.15714,
    "312_0": 0.19075,
    "313_0": 0.1471,
    "314_0": 0.12798,
    "315_0": 0.16232,
    "316_0": 0.17722,
    "317_0": 0.19326,
    "318_0": 0.14536,
    "319_0": 0.17675,
    "320_0": 0.11701,
    "321_0": 0.17049,
    "322_0": 0.20914,
    "323_0": 0.19267,
    "324_0": 0.15074,
    "325_0": 0.18122,
    "326_0": 0.12082,
    "327_0": 0.19842,
    "328_0": 0.15449,
    "329_0": 0.15629,
    "330_0": 0.15511,
    "331_0": 0.16229,
    "332_0": 0.17903,
    "333_0": 0.17169,
    "334_0": 0.18595,
    "335_0": 0.14911,
    "336_0": 0.16221,
    "337_0": 0.19274,
    "338_0": 0.13825,
    "339_0": 0.15066,
    "340_0": 0.17403,
    "341_0": 0.18482,
    "342_0": 0.13907,
    "343_0": 0.19013,
    "344_0": 0.14005,
    "345_0": 0.17787,
    "346_0": 0.18575,
    "347_0": 0.15348,
    "348_0": 0.1442,
    "349_0": 0.20146,
    "350_0": 0.18007,
    "351_0": 0.19116,
    "352_0": 0.15159,
    "353_0": 0.15101,
    "354_0": 0.13865,
    "355_0": 0.14539,
    "356_0": 0.15241,
    "357_0": 0.13216,
    "358_0": 0.13687,
    "359_0": 0.17037,
    "360_0": 0.1523,
    "361_0": 0.14437,
    "362_0": 0.14892,
    "363_0": 0.16654,
    "364_0": 0.12482,
    "365_0": 0.14988,
    "366_0": 0.1747,
    "367_0": 0.15556,
    "368_0": 0.15124,
    "369_0": 0.16418,