{
    "0_0": 0.13721,
    "100_0": 0.19186,
    "101_0": 0.14693,
    "102_0": 0.1768,
    "103_0": 0.1542,
    "104_0": 0.16504,
    "105_0": 0.17854,
    "106_0": 0.15418,
    "107_0": 0.15208,
    "108_0": 0.1485,
    "109_0": 0.14498,
    "10_0": 0.17017,
    "110_0": 0.18302,
    "111_0": 0.12292,
    "112_0": 0.13917,
    "113_0": 0.14687,
    "114_0": 0.15074,
    "115_0": 0.15435,
    "116_0": 0.16103,
    "117_0": 0.12929,
    "118_0": 0.11697,
    "119_0": 0.16386,
    "11_0": 0.1685,
    "120_0": 0.16086,
    "121_0": 0.16732,
    "122_0": 0.1799,
    "123_0": 0.15668,
    "124_0": 0.16566,
    "125_0": 0.15291,
    "126_0": 0.1709,
    "127_0": 0.15375,
    "128_0": 0.17619,
    "129_0": 0.16832,
    "12_0": 0.15793,
    "130_0": 0.15801,
    "131_0": 0.17192,
    "132_0": 0.18506,
    "133_0": 0.17031,
    "134_0": 0.19037,
    "135_0": 0.13221,
    "136_0": 0.17182,
    "137_0": 0.18975,
    "138_0": 0.18058,
    "139_0": 0.17466,
    "13_0": 0.19497,
    "140_0": 0.20619,
    "141_0": 0.1401,
    "142_0": 0.13581,
    "143_0": 0.16951,
    "144_0": 0.18408,
    "145_0": 0.15237,
    "146_0": 0.15579,
    "147_0": 0.15757,
    "148_0": 0.1893,
    "149_0": 0.18224,
    "14_0": 0.16508,
    "150_0": 0.16074,
    "151_0": 0.13874,
    "152_0": 0.18793,
    "153_0": 0.15891,
    "154_0": 0.14426,
    "155_0": 0.17984,
    "156_0": 0.17623,
    "157_0": 0.12903,
    "158_0": 0.1534,
    "159_0": 0.14287,
    "15_0": 0.16312,
    "160_0": 0.21002,
    "161_0": 0.15891,
    "162_0": 0.14528,
    "163_0": 0.13006,
    "164_0": 0.17766,
    "165_0": 0.19612,
    "166_0": 0.13725,
    "167_0": 0.19086,
    "168_0": 0.13112,
    "169_0": 0.16142,
    "16_0": 0.2311,
    "170_0": 0.14996,
    "171_0": 0.13638,
    "172_0": 0.16266,
    "173_0": 0.16245,
    "174_0": 0.15172,
    "175_0": 0.15059,
    "176_0": 0.17218,
    "177_0": 0.15142,
    "178_0": 0.13554,
    "179_0": 0.17405,
    "17_0": 0.17712,
    "180_0": 0.1837,
    "181_0": 0.1595,
    "182_0": 0.17603,
    "183_0": 0.18045,
    "184_0": 0.14564,
    "185_0": 0.15697,
    "186_0": 0.18207,
    "187_0": 0.16022,
    "188_0": 0.15256,
    "189_0": 0.14171,
    "18_0": 0.16307,
    "190_0": 0.17264,
    "191_0": 0.17589,
    "192_0": 0.18888,
    "193_0": 0.11463,
    "194_0": 0.16681,
    "195_0": 0.13199,
    "196_0": 0.16799,
    "197_0": 0.15433,
    "198_0": 0.14961,
    "199_0": 0.16041,
    "19_0": 0.16701,
    "1_0": 0.22426,
    "200_0": 0.1667,
    "201_0": 0.16665,
    "202_0": 0.19831,
    "203_0": 0.17843,
    "204_0": 0.15735,
    "205_0": 0.1578,
    "206_0": 0.16618,
    "207_0": 0.16785,
    "208_0": 0.18187,
    "209_0": 0.17374,
    "20_0": 0.12761,
    "210_0": 0.21831,
    "211_0": 0.13209,
    "212_0": 0.18624,
    "213_0": 0.16351,
    "214_0": 0.17315,
    "215_0": 0.15581,
    "216_0": 0.13266,
    "217_0": 0.16281,
    "218_0": 0.15131,
    "219_0": 0.14284,
    "21_0": 0.17083,
    "220_0": 0.15157,
    "221_0": 0.16137,
    "222_0": 0.12506,
    "223_0": 0.16994,
    "224_0": 0.16702,
    "225_0": 0.17259,
    "226_0": 0.15966,
    "227_0": 0.13436,
    "228_0": 0.18716,
    "229_0": 0.13792,
    "22_0": 0.15198,
    "230_0": 0.16402,
    "231_0": 0.16904,
    "232_0": 0.14748,
    "233_0": 0.1561,
    "234_0": 0.17287,
    "235_0": 0.18903,
    "236_0": 0.15353,
    "237_0": 0.18044,
    "238_0": 0.17037,
    "239_0": 0.16562,
    "23_0": 0.1375,
    "240_0": 0.12578,
    "241_0": 0.14923,
    "242_0": 0.19367,
    "243_0": 0.15517,
    "244_0": 0.17453,
    "245_0": 0.13932,
    "246_0": 0.14996,
    "247_0": 0.17021,
    "248_0": 0.14048,
    "249_0": 0.18044,
    "24_0": 0.10116,
    "250_0": 0.13409,
    "251_0": 0.1793,
    "252_0": 0.15504,
    "253_0": 0.1245,
    "254_0": 0.16271,
    "255_0": 0.17935,
    "256_0": 0.15364,
    "257_0": 0.15801,
    "258_0": 0.1464,
    "259_0": 0.15777,
    "25_0": 0.15588,
    "260_0": 0.17226,
    "261_0": 0.18811,
    "262_0": 0.14255,
    "263_0": 0.21451,
    "264_0": 0.16662,
    "265_0": 0.18807,
    "266_0": 0.15052,
    "267_0": 0.11272,
    "268_0": 0.1544,
    "269_0": 0.1675,
    "26_0": 0.17955,
    "270_0": 0.21041,
    "271_0": 0.143,
    "272_0": 0.1612,
    "273_0": 0.22803,
    "274_0": 0.18875,
    "275_0": 0.17983,
    "276_0": 0.14352,
    "277_0": 0.14496,
    "278_0": 0.1425,
    "279_0": 0.18106,
    "27_0": 0.13278,
    "280_0": 0.16226,
    "281_0": 0.18477,
    "282_0": 0.19831,
    "283_0": 0.17753,
    "284_0": 0.19966,
    "285_0": 0.15609,
    "286_0": 0.18623,
    "287_0": 0.21705,
    "288_0": 0.13706,
    "289_0": 0.19586,
    "28_0": 0.1314,
    "290_0": 0.18079,
    "291_0": 0.15918,
    "292_0": 0.13673,
    "293_0": 0.20761,
    "294_0": 0.17879,
    "295_0": 0.16826,
    "296_0": 0.15265,
    "297_0": 0.15753,
    "298_0": 0.15504,
    "299_0": 0.17169,
    "29_0": 0.16475,
    "2_0": 0.17883,
    "300_0": 0.14366,
    "301_0": 0.20545,
    "302_0": 0.15786,
    "303_0": 0.14923,
    "304_0": 0.17226,
    "305_0": 0.16741,
    "306_0": 0.14342,
    "307_0": 0.15884,
    "308_0": 0.18686,
    "309_0": 0.18292,
    "30_0": 0.17952,
    "310_0": 0.21118,
    "311_0": 0.16327,
    "312_0": 0.1691,
    "313_0": 0.15356,
    "314_0": 0.1316,
    "315_0": 0.11165,
    "316_0": 0.14325,
    "317_0": 0.2267,
    "318_0": 0.13787,
    "319_0": 0.14393,
    "31_0": 0.18119,
    "320_0": 0.19914,
    "321_0": 0.17548,
    "322_0": 0.14389,
    "323_0": 0.14007,
    "324_0": 0.17758,
    "325_0": 0.16019,
    "326_0": 0.1435,
    "327_0": 0.14914,
    "328_0": 0.15367,
    "329_0": 0.15116,
    "32_0": 0.15445,
    "330_0": 0.14717,
    "331_0": 0.20764,
    "332_0": 0.13647,
    "333_0": 0.15364,
    "334_0": 0.15211,
    "335_0": 0.24356,
    "336_0": 0.16894,
    "337_0": 0.15713,
    "338_0": 0.16328,
    "339_0": 0.18713,
    "33_0": 0.15242,
    "340_0": 0.14607,
    "341_0": 0.16762,
    "342_0": 0.1621,
    "343_0": 0.16534,
    "344_0": 0.1345,
    "345_0": 0.14749,
    "346_0": 0.15747,
    "347_0": 0.13383,
    "348_0": 0.14545,
    "349_0": 0.17648,
    "34_0": 0.17098,
    "350_0": 0.14594,
    "351_0": 0.20278,
    "352_0": 0.16923,
    "353_0": 0.19146,
    "354_0": 0.15353,
    "355_0": 0.1586,
    "356_0": 0.13932,
    "357_0": 0.1697,
    "358_0": 0.14164,
    "359_0": 0.13196,
    "35_0": 0.15152,
    "360_0": 0.14221,
    "361_0": 0.12862,
    "362_0": 0.15991,
    "363_0": 0.20246,
    "364_0": 0.16644,
    "365_0": 0.14315,
    "366_0": 0.14252,
    "367_0": 0.12963,
    "368_0": 0.18317,
    "369_0": 0.19931,
    "36_0": 0.15985,
    "370_0": 0.18147,
    "371_0": 0.18942,
    "372_0": 0.16525,
    "373_0": 0.13309,
    "374_0": 0.15062,
    "375_0": 0.17407,
    "376_0": 0.17199,
    "377_0": 0.14912,
    "378_0": 0.19975,
    "379_0": 0.14436,
    "37_0": 0.15603,
    "380_0": 0.12339,
    "381_0": 0.15767,
    "382_0": 0.12686,
    "383_0": 0.22242,
    "384_0": 0.18766,
    "385_0": 0.17789,
    "386_0": 0.15109,
    "387_0": 0.16921,
    "388_0": 0.13541,
    "389_0": 0.16915,
    "38_0": 0.17995,
    "390_0": 0.142,
    "391_0": 0.16088,
    "392_0": 0.15089,
    "393_0": 0.15375,
    "394_0": 0.18672,
    "395_0": 0.18284,
    "396_0": 0.1702,
    "397_0": 0.21775,
    "398_0": 0.20611,
    "399_0": 0.15666,
    "39_0": 0.1652,
    "3_0": 0.1554,
    "400_0": 0.16136,
    "401_0": 0.16242,
    "402_0": 0.15599,
    "403_0": 0.14973,
    "404_0": 0.19709,
    "405_0": 0.1573,
    "406_0": 0.1712,
    "407_0": 0.2104,
    "408_0": 0.18284,
    "409_0": 0.16628,
    "40_0": 0.16494,
    "410_0": 0.19556,
    "411_0": 0.152,
    "412_0": 0.12609,
    "413_0": 0.16698,
    "414_0": 0.14562,
    "415_0": 0.20284,
    "416_0": 0.13754,
    "417_0": 0.1236,
    "418_0": 0.16944,
    "419_0": 0.14571,
    "41_0": 0.17271,
    "420_0": 0.16435,
    "421_0": 0.15099,
    "422_0": 0.1242,
    "423_0": 0.12555,
    "424_0": 0.11789,
    "425_0": 0.1946,
    "426_0": 0.15676,
    "427_0": 0.16551,
    "428_0": 0.15913,
    "429_0": 0.1873,
    "42_0": 0.14847,